sequence,english,elveirdor
2025,TY,PST
1950,,
11336231910717,KCCFWSJGQ,HYDROGEM
1592792817,OIBGIBHQ,LFTHFUM
1212,LL,II
21151928151419,UOSBHONS,PHLOULKO
1681519168151419,PHOSPHONS,LLEELOLLEELKO
1210,LJ,IG
2008,TH,PEE
0000,,
808080,,
4682,DFHB,CHDEEB
00000,,
5320,ECT,CKCP
0522,EV,CKQ
000080,,
800080,,
008080,,
006400,,
4169,DPI,CHLLF
4500,,
52925,EBIY,CKVST
3118181520,CKHROT,WHNNLP
1022935,JVICE,GQFCCK
315131612524,COMPLEX,WHCKJLLICKS
19217118,SUGKH,OPHEHEE
31514351420181205,CONCENTRLE,WHCKKCCKKPNICK
3123231926,CLCWSZ,WHRROT
13281237,MBHLCG,JUICE
319172015732,CSQTOGCB,WHFMPLEX
242810124,XBHJLD,SUGICH
31918371826231267,CSRCGRZWLFG,WHFNCENTRIDE
914192011420,INSTKDT,FKOPHCHP
3156655,COFFEE,WHCKDDCKCK
1218242611826,LRXZKHZ,INSTHEET
3199977,CSIIGG,WHFFFEE
192052291,STEVIA,OPCKQFA
25729121,YGBILA,STEVIA
31145,CKDE,WHKCK
31177,CKGG,WHME
2428123,XBHLC,SUIC
1312118514399,MLKHENCII,JIHEECKKCFF
3114412519,CKDDLES,WHKCHICKO
2211420,VKDT,QHCHP
31115,CKO,WHHCK
31144125,CKDDLE,WHKCHICK
23124,WLD,RICH
17128237181212,QLHWGRLL,MIEERENII
3118615723,CKHFOGW,WHNDLER
2281826,VHRZ,QEENT
31147,CKDG,WHKE
31186157,CKHFOG,WHNDLE
20132,TMB,PJB
421143114,DUNCKD,CHPHKWHK
8914519,HINES,EEFKCKO
25512121523,YELLOW,STCKIILR
13924,MIX,JFS
728183118,GBHRCKH,EUNWHN
111218723,KLRGW,HINER
33715151920,CCGOOST,YELLOP
171232,QLCB,MIX
89291932119,HIBISCUS,EEFVOXHF
15912,OIL,LFI
11122122432824,KLUVDCBHX,HIPHQCHXEES
191215,SLO,OIL
69198,FISH,DFOEE
9122311,ILWK,FIRH
23120518,WLER,RICKN
191511154,SOKOD,OLHLCH
1319,MS,JO
1955419,SEEDS,OCKCKCHO
20126723,TLFGW,PIDER
242911476,XBIKDGF,SVHCHED
13112,MKB,JHB
248624,XHFX,SEEDS
1618541491915145,PREDNISONE,LLNCKCHKFOLKCK
21162091920,UPTIST,PHLLPFOP
135493112,MEDICKB,JCKCHFWHI
351420518,CENTER,CCKKPCKN
67208,FGTH,DEPEE
1920,ST,OP
10124,JLD,GICH
20237618122319187,TWGFRLWSRG,PREDNIRONE
212026122426,UTZLXZ,PHPTIST
1776123115,QGFLCKE,MEDIWHL
371826723,CGRZGW,CENTER
132092212054,MTIVLED,JPFQICKCH
38118315112,CHKHCOKB,CEEHEEWHCKHB
1326122912676,MZLBILFGF,JTIVIDED
4123319115,DLCCSKE,CHIYOHCK
8913112125114,HIMKUYKD,EEFJHPHSTHCH
1911220,SKBT,OHBP
111217115133118,KLQKEMCKH,HIMHCKJWHN
2311526,WKEZ,RHCKT
191129145,SKBINE,OHVKCK
2411512187,XKELRG,SHCKINE
851292113,HELIUM,EECKIFPHJ
91115122817,IKOLBHQ,FHLIUM
112221205181512,KVUTEROL,HQPHPCKNLI
115228267231915,KEVHZGWSO,HCKQEETEROL
315312021,COCLBA,WHCKWHPPH
29184,BIRD,VNCH
61221,FLU,DIPH
1854,RED,NCKCH
319312628,CSCLFBH,WHFWHTU
212236,UVCF,PHQCD
915287,IOBHG,FLUE
2376,WGF,RED
923281226,IWBHLZ,FRUIT
2028184,TBHRD,PUNCH
102319181612187,JWSRPLRG,GRONLLINE
215287,UEBHG,PHCKUE
251295225,YLIEVE,STIFCKQCK
105192119,JESUS,GCKOPHO
8511254,HEKYD,EECKHSTCH
191513515145,SOMEONE,OLJCKLKCK
239208,WITH,RFPEE
1251618151925,LEPROSY,ICKLLNLOST
2715127297,BGOLGBIG,THLIEVE
137232823,MGWBHW,JERUR
11711576,KGKEGF,HEHCKED
231917719187,WSQGSRG,ROMEONE
201227,TLBG,PITH
1572023192425,OGTWSXY,LEPROSST
241224319,XLXCS,SISWHF
3012187,CAUHG,WINE
27126,BGLF,THID
137242824,MGXBHX,JESUS
2628231876,ZBHWRGF,TURNED
30126723,CAZGW,WIDER
12182619,LRZS,INTO
16151512,POOL,LLLLI
381215189145,CHLORINE,CEEILNFKCK
619310,FSCJ,DOCG
141518208,NORTH,KLNPEE
3113162119,CKCPUS,WHJLLPHO
611212,FKUB,DHPHB
2389205,WHITE,REEFPCK
20191915,TSSO,POOL
415192412187,DOSXLRG,CHLOSINE
923313,IWCM,FRWHC
18192327,RSWBG,NORTH
31172823,CKGBHW,WHMUR
20247618122319187,TXGFRLWSRG,PSEDNIRONE
2012181,TLRA,PINA
31915161,CSOPA,WHFLLLA
241961,XSFA,SODA
3112267,CKVFG,WHITE
212215,UVO,PHQL
202855,TBHEE,PUCKCK
1315124,MOLD,JLICH
26238,ZWH,TREE
1719156,QSOF,MOLD
171928273012411,QSBHBGCAXK,MOUTHWICHH
71821131625,GRUMPY,ENPHJLLST
6135,FME,DJCK
1641616518,PDPPER,LLCHLLLLCKN
7529848475,GEBIHDHDGE,ECKVEECHEECHECK
123123,LCLC,IWHR
2975,BIGE,VECK
124273324,LDBGCCX,ICHTHYS
1021935,JUICE,GPHFCCK
312323191926,CLCWSSZ,WHRROOT
242810123,XBHJLC,SUGIC
31187,CKHG,WHNE
628183118,FBHRCKH,DUNWHN
111218724,KLRGX,HINES
33715151930,,YELLOW
9122411,ILXK,FISH
241911476,XSKDGF,SOHCHED
16185193189162091514,PRESCRIPTION,LLNCKOWHEEFLLPFLK
1354931211514,MEDICLKEN,JCKCHFWHPHLK
20237618122419187,TWGFRLXSRG,PREDNISONE
2023724323122026121918,TWGXCWLTZLSR,PRESXWHQBDION
1776123115126121918,QGFLCKELFLSR,MEDIWHLIDION
3117202824,CKGTBHX,WHMPUS
2611,ZK,TH
9151515,IOOO,FLLL
301112267,CAKVFG,WHITE
2411526,XKEZ,SHCKT
11715122817,KGOLBHQ,HELIUM
31531111201515,COCKKTOO,WHCKWHHIACKL
3193141261919,CSCNLFSS,WHFWHCHIDOO
91528,IOBH,FLU
61821920,FRUIT,DNPHFP
16211438,PUNCH,LLPHKCEE
7185141149145,GRENKDINE,ENCKKHCHFKCK
1023718121812187,JWGRLRLRG,GRENININE
241917719187,XSQGSRG,SOMEONE
30122611,CAVFK,WITH
1572023192433,OGTWSXCC,LEPROSY
619313,FSCM,DOWHC
415192312187,DOSWLRG,CHLORINE
1819232611,RSWZK,NORTH
169141,PINA,LLFKA
31512141,COLNA,WHCKIKA
191541,SODA,OLCHA
3191561,CSOFA,WHFLDA
201855,TREE,PNCKCK
262377,ZWGG,TREE
131521208231198,MOUTHWKIH,JLPHPEERHFEE
17192826113012411,QSBHZKCAXK,MOUTHWICHH
1651616518,PEPPER,LLCKLLLLCKN
102328172033,JWBHQTCC,GRUMPY
91237,ILCG,FICE
20720720723,TGTGTGW,PEPEPER
112715,KBGO,HTHL
1151017,KEJQ,HCKGM
4152214,DOVN,CHLQK
1915116,SOKF,OLHD
619297,FSBIG,DOVE
2419120,XSAT,SOAP
18519915,RESIO,NCKOFL
720193233,GTSCWC,EPOXY
237241218,WGXLR,RESIN
311821514,CKHUEN,WHNPHCKK
692518,FIYR,DFSTN
31231918,CLCSR,WHRON
92723,IBGW,FTHR
315131612523,COMPLEW,WHCKJLLICKR
3124241926,CLDXSZ,WHSSOT
232810124,WBHJLD,RUGICH
31918371826241267,CSRCGRZXLFG,WHFNCENTSIDE
1218232611826,LRWZKHZ,INRTHEET
17128247181212,QLHXGRLL,MIEESENII
212026122326,UTZLWZ,PHPTIRT
371826724,CGRZGX,CENTES
212246,UVDF,PHQCHD
1572024192325,OGTXSWY,LEPSORST
26248,ZXH,TSEE
715297122361923124273324,GOBIGLWFSWLDBGCCX,ELVEIRDORICHTHYS
3192015732,CSTOGCB,WHFPLEX
2572912,YGBIL,STEVI
328328172723,CBHCBHQBGW,XEEXEEMTHR
3191837182623,CSRCGRZW,WHFNCENTR
31931412619191,CSCNLFSSA,WHFWHCHIDOOA
1372428,MGXBH,JESU
2411711576,XKGKEGF,SHEHCKED
181923261,RSWZA,NORTA
123123257,LCLCYG,IWHRSTE
1700,,
1200,,
11111,KKA,HHA
011110,AKJ,AHG
000000,,
8072,HGB,EEEB
9370,,
9625,IFY,FDST
8088,HHH,EEEEEE
2575,YGE,STECK
7962178,GIFUGH,EFDPHEEE
9719,IGS,FEO
3095,CIE,WFCK
2229299,VBIBII,QVVF
10111,JKA,GHA
3220,CBT,XP
0636942,FCFIDB,DCDFCHB
18198,RSH,NOEE
5795,EGIE,CKEFCK
5414013,EDNAC,CKCHKAC
8057324841,HEGCXHDA,EECKEXCHEECHA
949044586,IDIDDEHF,FCHFCHCHCKEED
0159235669,AEIWEFFI,ACKFRCKDDF
8853503185,HHECECRE,EEEECKCCKCNCK
2133757962,UCCGEGIFB,PHYECKEFDB
5398089172,ECIHHIQB,CKCFEEEEFMB
872611465,HGZKDFE,EEETHCHDCK
5143312102,ENCCLJB,CKKYIGB
24203822,XTCHV,SPCEEQ
5111464968,EKNFDIFH,CKHKDCHFDEE
151273885,OLGCHHE,LIECEEEECK
18312102,RCLJB,NWHPHB
98726115,IHGZKE,FEEETHCK
6178343949,FQHCDCIDI,DMEEZCFCHF
242038217,XTCHUG,SPCEEPHE
29299363,BIBIICFC,VVFCDC
26723237252312115,ZGWWGYWLKE,TERRESTRIHCK
241812264,XRLZD,SNITCH
111232333,KLCWCC,HIXYC
20192626723,TSZZGW,POTTER
231210112624,WLJKZX,RIGHTS
237247232976,WGXGWBIGF,RESERVED
17167,QPG,MLLE
301227,CAVG,WITH
22810,VHJ,QEEG
30121710,CAUGJ,WIMG
23720151231,WGTOLCA,REPLIWH
2197,UIG,PHFE
202054,TTED,PPCKCH
000001,,
1210112,LJKB,IGHB
240866,XHFF,SEEDD
25519,YES,STCKO
5556,EEEF,CKCKCKD
137549,MGEDI,JECKCHF
4485,DDHE,CHCHEECK
2600,,
1000,,
3000,,
3100,,
4600,,
6500,,
124273323,LDBGCCW,ICHTHYR
715297122361923,GOBIGLWFSW,ELVEIRDOR
15000,,
17000,,
5000,,
1500,,
2085,THE,PEECK
1897820,RIGHT,NFEEEP
23125,WLE,RICK
8511820,HEKHT,EECKHEEP
1144,KDD,HCHCH
120209205,LBITE,IBFPCK
251521185,YOURE,STLPHNCK
16189191514518,PRISONER,LLNFOLKCKN
1152519,KEYS,HCKSTO
182114,RUN,NPHK
61855,FREE,DNCKCK
1518,OR,LN
1920125,STLE,OPICK
85185,HERE,EECKNCK
25520,YET,STCKP
2085195,THESE,PEECKOCK
2081855,THREE,PEENCKCK
185131914,REMSN,NCKJOK
619208,FSTH,DOPEE
815165,HOPE,EELLLCK
1215225,LOVE,ILQCK
22120,VAT,QAP
718512051920,GRELEST,ENCKICKOP
107212116116107,JGUUPKFJG,GEPHPHLLHDGE
212107,UUG,PHPHE
11712326,KGLCZ,HEIXD
20192324111220,TSWXKLT,PORSHIP
1216,LP,ILL
91533,IOCC,FLY
120133,LACC,IAY
237232823237326121710,WGWBHWWGCZLQJ,RERURREXDIMG
1223123,LWLC,IRIC
137232824,MGWBHX,JERUS
0008854956,,
002252366,,
002192619,,
4708025861,DGHBEHFA,CHEEEBCKEEDA
1195681661,KIEFHPFA,HFCKDEELLDA
5177312231,EQGCLWA,CKMEWHQWH
0447927307,DDGIBGCG,CHCHEFTHWE
698727446,FIHGBGDDF,DFEEETHCHCHD
1332047592,MCTDGEIB,JXCHECKFB
1221695283,LUFIEBHC,IPHDFCKUC
0755148498,GEENHDIH,ECKCKKEECHFEE
10000,,
1101111,KAKA,HAHA
10141,JNA,GKA
232411,WXK,RSH
31851920,CREST,WHEECKOP
131521208,MOUTH,JLPHPEE
231198,WKIH,RHFEE
1597820518,OIGHTER,LFEEEPCKN
6122194,FLUID,DIPHFCH
2023121712333,TWLQLCCC,PRIMIYC
337161930,,YELLOW
1023818,JWHR,GREEN
1923117107,SWKGJG,ORHEGE
2151311,UEMK,PHCKJH
7919,GIS,EFO
1101411,KADK,HACHH
3252,CYB,XCKB
11011118,KAKR,HAHN
752984847512231232975,GEBIHDHDGELWLCBIGE,ECKVEECHEECHECKIRIXFECK
123123212107,LCLCUUG,IWHRPHPHE
141519297,NOSBIG,KLOVE
51222591841518,ELVEIRDOR,CKIQCKFNCHLN
27112111,BGKUK,THHPHH
18712141215,RGLNLO,NEIKIL
2071228,TGLBH,PEIU
141191,NKIA,KHFA
19185514,SREEN,ONCKCKK
22112215,VKVO,QHQL
717926361225,GQIZCFLY,EMFTCDIST
41514,DON,CHLK
1419,NS,KO
29115287,BIKEBHG,VHCKUE
2423818,XWHR,SREEN
10231234341533,JWLCDCDOCC,GRIZZLY
181241,RLDA,NICHA
61918,FSR,DON
1824,RX,NS
15191612201920,OSPLTST,LOLLIPOP
1220,LT,IP
121512128161516,LOLLHPOP,ILIIEELLLLL
107212116116107123123212107,JGUUPKFJGLCLCUUG,GEPHPHLLHDGEIWHRPHPHE
71232766127,GLCBGFFLG,EIXEDDIE
7152411166112,GOXKPFKB,ELSHLLDHB
2020,TT,PP
107128972465541848186,JGLHIGXFEEDRDHRF,GEIEEFESDCKCKCHNCHEEND
3118129723115,CKHLIGWKE,WHNIFERHCK
20192326,TSWZ,PORT
13192411,MSXK,JOSH
21121517118,ULOQKH,PHILMHEE
2152812101122326,UEBHLJKVCZ,PHCKUIGHQXD
241113018,XKMAH,SHJAEE
2021,TU,PPH
1131223111,KCLWKA,HWHQWHH
2018215,TRUE,PNPHCK
6112195,FKUIE,DHPHFCK
2623287,ZWBHG,TRUE
9115247,IKEXG,FHCKSE
974846927334,IGDHDFIBGCCD,FECHEECHDFTHYCH
718558659167,GREEHFEIPG,ENCKCKEEDCKFLLE
66825251384,FFHYYMHD,DDEESTSTJEECH
916807458176,IPHGDEHQF,FLLEEECHCKEEMD
86650131284,HFFEACLHD,EEDDCKAWHUCH
64600932272,,
59570317739,EIEGCQGCI,CKFCKECMECF
487423463667,DHGDWDFCFFG,CHEEECHRCHDCDDE
437117318335,DCGKGCRCCE,CHCEHEWHEEYCK
9458403729088,IDEHDCGBIHH,FCHCKEECHCEVEEEE
895534227577,HIEECDVGEGG,EEFCKCKZQECKEE
8916807458176,HIPHGDEHQF,EEFLLEEECHCKEEMD
841374600485,,
56672298327,EFFGVIHCBG,CKDDEQFEEXE
516416837938,EPDPHCGICH,CKLLCHLLEECEFCEE
1509,OI,LF
75000,,
154207,ODTG,LCHPE
32097,CTIG,XFE
1701572917129621391207330,,MACKEVMIFDPHCFIECW
19625,SFY,ODST
0785,GHE,EEECK
17118282411,QKHBHXK,MHEEUSH
70000,,
2412151231918,XLOLCSR,SILIWHFN
24331827726123,XCCRBGGZLC,SYNTHETIC
2015125123,TOLELC,PLICKIC
13233315123,MWCCOLC,JRYLIC
101512424,JOLDX,GLICHS
241112626723,XKLFZGW,SHIDTER
202319299,TWSBII,PROVF
241112636723,XKLFCFGW,SHIDCDER
2019177102311812267,TSQGJWKHLZG,POMEGRHEEITE
915733,IOGCC,FLEY
2022,TV,PQ
